
<DOC>
<DOCNO>WT01-B02-67</DOCNO>
<DOCOLDNO>IA054-000904-B034-29</DOCOLDNO>
<DOCHDR>
http://stargate.jpl.nasa.gov:1083/document/dc1_5.htm 137.79.108.182 19970210185558 text/html 11834
HTTP/1.0 200 OK
Date: Mon, 10 Feb 1997 18:54:33 GMT
Server: Apache/1.0.5
Content-type: text/html
</DOCHDR>
<HTML><HEAD>
<TITLE>Document Keyword:  Author Name  (Page 5) </TITLE> </HEAD>
<BODY bgcolor="#fafffe" link="#CC0000" alink="FF3300" vlink="#330099">
<P><P><img src="/pix/greengrad.gif" alt="- "><H1>Document Keyword:  Author Name  (Page 5) </H1>
<img src="/pix/greengrad.gif" alt="- ">
<P>
<P>Select a Author Name to find Document titles<P><OL>
<LI> <A HREF="/document/dc1_4_91_4.htm#J.A. Reagan and W.H. Erxleben">J.A. Reagan and W.H. Erxleben</A>
<LI> <A HREF="/document/dc1_4_91_4.htm#J.A. YOUNG, P.G. ROGERS, P.P. JORDAN AND L.A. BRANDT">J.A. YOUNG, P.G. ROGERS, P.P. JORDAN AND L.A. BRANDT</A>
<LI> <A HREF="/document/dc1_4_91_4.htm#J.C.N. Epiphanio1, A.R. Huete, and H. Liu">J.C.N. Epiphanio1, A.R. Huete, and H. Liu</A>
<LI> <A HREF="/document/dc1_4_91_4.htm#J.D. Winningham, R.A. Frahm, and R. Link">J.D. Winningham, R.A. Frahm, and R. Link</A>
<LI> <A HREF="/document/dc1_4_91_4.htm#J.F.L Gower">J.F.L Gower</A>
<LI> <A HREF="/document/dc1_4_91_4.htm#J.L. Haferman(1), T.F. Smith(1), W.F. Krajewski(2)">J.L. Haferman(1), T.F. Smith(1), W.F. Krajewski(2)</A>
<LI> <A HREF="/document/dc1_4_91_4.htm#J.M. Horrell, A.R. Knight, and M.R. Inggs">J.M. Horrell, A.R. Knight, and M.R. Inggs</A>
<LI> <A HREF="/document/dc1_4_91_4.htm#J.M. Norman W. P. Kustas">J.M. Norman W. P. Kustas</A>
<LI> <A HREF="/document/dc1_4_91_4.htm#J.R. Wang and P. Racette">J.R. Wang and P. Racette</A>
<LI> <A HREF="/document/dc1_4_91_4.htm#J.S. Lee(1), D.L. Schuler(1), R.H. Lang(2) and K.J. Ranson(3)">J.S. Lee(1), D.L. Schuler(1), R.H. Lang(2) and K.J. Ranson(3)</A>
<LI> <A HREF="/document/dc1_4_91_4.htm#J.W.F. Goddard, J. D. Eastment and J. Tan">J.W.F. Goddard, J. D. Eastment and J. Tan</A>
<LI> <A HREF="/document/dc1_4_91_4.htm#JEFFREY M. SABBURG">JEFFREY M. SABBURG</A>
<LI> <A HREF="/document/dc1_4_91_4.htm#JOHN R. SCHOTT">JOHN R. SCHOTT</A>
<LI> <A HREF="/document/dc1_4_91_4.htm#Jack S. Margolis (818) 354-3616; Sumita Nandi (818) 354-0015;">Jack S. Margolis (818) 354-3616; Sumita Nandi (818) 354-0015;</A>
<LI> <A HREF="/document/dc1_4_91_4.htm#Jacob H. Gunther and David G. Long">Jacob H. Gunther and David G. Long</A>
<LI> <A HREF="/document/dc1_4_91_4.htm#James A. Cummings and R. Michael Clancy">James A. Cummings and R. Michael Clancy</A>
<LI> <A HREF="/document/dc1_4_91_4.htm#James A. Price and Zaaron H. Allen">James A. Price and Zaaron H. Allen</A>
<LI> <A HREF="/document/dc1_4_91_4.htm#James A. Weinman">James A. Weinman</A>
<LI> <A HREF="/document/dc1_4_91_4.htm#James C. Curlander">James C. Curlander</A>
<LI> <A HREF="/document/dc1_4_91_4.htm#James C. Schatzman, Benito Chen,">James C. Schatzman, Benito Chen,</A>
<LI> <A HREF="/document/dc1_4_91_4.htm#James C. Tilton Edward Seiler">James C. Tilton Edward Seiler</A>
<LI> <A HREF="/document/dc1_4_91_4.htm#James C. West*, Ruimin Chen">James C. West*, Ruimin Chen</A>
<LI> <A HREF="/document/dc1_4_91_4.htm#James C. West">James C. West</A>
<LI> <A HREF="/document/dc1_4_91_4.htm#James J. Butler">James J. Butler</A>
<LI> <A HREF="/document/dc1_4_91_4.htm#James L. Mueller">James L. Mueller</A>
<LI> <A HREF="/document/dc1_4_91_4.htm#James M.Stiles, Kamal Sarabandi and Fawwaz T. Ulaby">James M.Stiles, Kamal Sarabandi and Fawwaz T. Ulaby</A>
<LI> <A HREF="/document/dc1_4_91_4.htm#James R. Drummond, G. V. Bailak and G. Mand">James R. Drummond, G. V. Bailak and G. Mand</A>
<LI> <A HREF="/document/dc1_4_91_4.htm#James R. Hendricks, Robert R. Leben, and George H. Born">James R. Hendricks, Robert R. Leben, and George H. Born</A>
<LI> <A HREF="/document/dc1_4_91_4.htm#Jan F.H. Snel, Hans Schroote, Margreet E. Bossen, Bert W.A. van Hove1,">Jan F.H. Snel, Hans Schroote, Margreet E. Bossen, Bert W.A. van Hove1,</A>
<LI> <A HREF="/document/dc1_4_91_4.htm#Janet M. Intrieri and Wynn L. Eberhard">Janet M. Intrieri and Wynn L. Eberhard</A>
<LI> <A HREF="/document/dc1_4_91_4.htm#Jansen">Jansen</A>
<LI> <A HREF="/document/dc1_4_91_4.htm#Jarkko Koskinen, Lauri Kurvonen, Ville Jaaskelainen">Jarkko Koskinen, Lauri Kurvonen, Ville Jaaskelainen</A>
<LI> <A HREF="/document/dc1_4_91_4.htm#Jason Daida*, Nancy French+, Robert Onstott+, Fred Tanis+,">Jason Daida*, Nancy French+, Robert Onstott+, Fred Tanis+,</A>
<LI> <A HREF="/document/dc1_4_91_4.htm#Jason M. Daida1, Philip B. Russell2, Timothy L Crawford3,">Jason M. Daida1, Philip B. Russell2, Timothy L Crawford3,</A>
<LI> <A HREF="/document/dc1_4_91_4.htm#Jason M. Daida">Jason M. Daida</A>
<LI> <A HREF="/document/dc1_4_91_4.htm#Jean Verdebout, Stephane Jaequemoud, Giovanni Andreoli, Brian">Jean Verdebout, Stephane Jaequemoud, Giovanni Andreoli, Brian</A>
<LI> <A HREF="/document/dc1_4_91_4.htm#Jean-Marc Boucher, Stîphane Pleihers">Jean-Marc Boucher, Stîphane Pleihers</A>
<LI> <A HREF="/document/dc1_4_91_4.htm#Jean-Pierre Gambotto">Jean-Pierre Gambotto</A>
<LI> <A HREF="/document/dc1_4_91_4.htm#Jeannette van den Bosch and Robert O. Green">Jeannette van den Bosch and Robert O. Green</A>
<LI> <A HREF="/document/dc1_4_91_4.htm#Jeff Duncan">Jeff Duncan</A>
<LI> <A HREF="/document/dc1_4_91_4.htm#Jeffrey Key. Robert Stone and James Maslanik">Jeffrey Key. Robert Stone and James Maslanik</A>
<LI> <A HREF="/document/dc1_4_91_4.htm#Jeffrey Klein, Scott Hensley, Soren Madsen and Frank Webb">Jeffrey Klein, Scott Hensley, Soren Madsen and Frank Webb</A>
<LI> <A HREF="/document/dc1_4_91_4.htm#Jeng.Jong (J. J.) Pan Sheng-Tun Li">Jeng.Jong (J. J.) Pan Sheng-Tun Li</A>
<LI> <A HREF="/document/dc1_4_91_4.htm#Jerome Bruniquel and Armand Lopes">Jerome Bruniquel and Armand Lopes</A>
<LI> <A HREF="/document/dc1_4_91_4.htm#Jerome de La Noe">Jerome de La Noe</A>
<LI> <A HREF="/document/dc1_4_91_4.htm#Jerry A. Gelbwachs">Jerry A. Gelbwachs</A>
<LI> <A HREF="/document/dc1_4_91_4.htm#Jesse Boyce, PhD.">Jesse Boyce, PhD.</A>
<LI> <A HREF="/document/dc1_4_91_4.htm#Jiancheng Shi and Jeff Dozier">Jiancheng Shi and Jeff Dozier</A>
<LI> <A HREF="/document/dc1_4_91_4.htm#Jiancheng Shi1, Jeff Dozier1 and Helmut Rott2">Jiancheng Shi1, Jeff Dozier1 and Helmut Rott2</A>
<LI> <A HREF="/document/dc1_4_91_4.htm#Jihad S. Daba and Mark R. Bell">Jihad S. Daba and Mark R. Bell</A>
<LI> <A HREF="/document/dc1_4_91_4.htm#Jim Washburne">Jim Washburne</A>
<LI> <A HREF="/document/dc1_4_91_4.htm#Jinfei Wang Wenhong Liu">Jinfei Wang Wenhong Liu</A>
<LI> <A HREF="/document/dc1_4_91_4.htm#JoÙo R. Moreira">JoÙo R. Moreira</A>
<LI> <A HREF="/document/dc1_4_91_4.htm#Joao Vianei Soares">Joao Vianei Soares</A>
<LI> <A HREF="/document/dc1_4_91_4.htm#Joao dos Santos Vila da Silva">Joao dos Santos Vila da Silva</A>
<LI> <A HREF="/document/dc1_4_91_4.htm#Jochen Grandell and Martti Hallikainen">Jochen Grandell and Martti Hallikainen</A>
<LI> <A HREF="/document/dc1_4_91_4.htm#Joey C. Comiso">Joey C. Comiso</A>
<LI> <A HREF="/document/dc1_4_91_4.htm#Johansen, M.E., Tommervik, H., and Pedersen, J.P.">Johansen, M.E., Tommervik, H., and Pedersen, J.P.</A>
<LI> <A HREF="/document/dc1_4_91_4.htm#John A. Sahhh, Andrew G. Tescher, John T.Reagan">John A. Sahhh, Andrew G. Tescher, John T.Reagan</A>
<LI> <A HREF="/document/dc1_4_91_4.htm#John C. Curlander Alan Thompson">John C. Curlander Alan Thompson</A>
<LI> <A HREF="/document/dc1_4_91_4.htm#John E. M. Goldsmith and Scott E. Bisson">John E. M. Goldsmith and Scott E. Bisson</A>
<LI> <A HREF="/document/dc1_4_91_4.htm#John Eliis">John Eliis</A>
<LI> <A HREF="/document/dc1_4_91_4.htm#John F. Vesecky">John F. Vesecky</A>
<LI> <A HREF="/document/dc1_4_91_4.htm#John J. Bates">John J. Bates</A>
<LI> <A HREF="/document/dc1_4_91_4.htm#John M. Melack and Mary Gastil. Marine Science Institute,">John M. Melack and Mary Gastil. Marine Science Institute,</A>
<LI> <A HREF="/document/dc1_4_91_4.htm#John P. Kerekes and Hector J. Jimenez-Gonzalez">John P. Kerekes and Hector J. Jimenez-Gonzalez</A>
<LI> <A HREF="/document/dc1_4_91_4.htm#John P. Kerekes">John P. Kerekes</A>
<LI> <A HREF="/document/dc1_4_91_4.htm#John V. Martonchik and James E. Conel">John V. Martonchik and James E. Conel</A>
<LI> <A HREF="/document/dc1_4_91_4.htm#Jon Atli Benediktsson, Kolbeinn Arnason,">Jon Atli Benediktsson, Kolbeinn Arnason,</A>
<LI> <A HREF="/document/dc1_4_91_4.htm#Jon Davis, Michael Pankin, Andrew Ochadlick,">Jon Davis, Michael Pankin, Andrew Ochadlick,</A>
<LI> <A HREF="/document/dc1_4_91_4.htm#Jose F. Moreno and Joaquin Melia">Jose F. Moreno and Joaquin Melia</A>
<LI> <A HREF="/document/dc1_4_91_4.htm#Jose F. Moreno">Jose F. Moreno</A>
<LI> <A HREF="/document/dc1_4_91_4.htm#Josef Nannemann, Matthias Wolff">Josef Nannemann, Matthias Wolff</A>
<LI> <A HREF="/document/dc1_4_91_4.htm#Joseph G. Shanks">Joseph G. Shanks</A>
<LI> <A HREF="/document/dc1_4_91_4.htm#Joseph P. Hoffbeck and David A. Landgrebe">Joseph P. Hoffbeck and David A. Landgrebe</A>
<LI> <A HREF="/document/dc1_4_91_4.htm#Joseph W. Boardman">Joseph W. Boardman</A>
<LI> <A HREF="/document/dc1_4_91_4.htm#Jouni Pulliainen, Kari Heiska, Jarkko Koskinen,">Jouni Pulliainen, Kari Heiska, Jarkko Koskinen,</A>
<LI> <A HREF="/document/dc1_4_91_4.htm#Judit M. Pap and Richard C. Willson">Judit M. Pap and Richard C. Willson</A>
<LI> <A HREF="/document/dc1_4_91_4.htm#Juergen H. Richter">Juergen H. Richter</A>
<LI> <A HREF="/document/dc1_4_91_4.htm#Juha Hyyppa and Jouni Pulliainen">Juha Hyyppa and Jouni Pulliainen</A>
<LI> <A HREF="/document/dc1_4_91_4.htm#Juha Hyyppa, Jouni Pulliainen, Kari Heiska and Martti Hallikainen">Juha Hyyppa, Jouni Pulliainen, Kari Heiska and Martti Hallikainen</A>
<LI> <A HREF="/document/dc1_4_91_4.htm#Juha-Petri Karna and Kai Makisara">Juha-Petri Karna and Kai Makisara</A>
<LI> <A HREF="/document/dc1_4_91_4.htm#Juhan Ross1, Outi Meinander2 and Madis Sulev3">Juhan Ross1, Outi Meinander2 and Madis Sulev3</A>
<LI> <A HREF="/document/dc1_4_91_4.htm#Jun-ichi KUDOH1, Hiroshi KAWAMURA2 and Yoshiaki NEMOTO1">Jun-ichi KUDOH1, Hiroshi KAWAMURA2 and Yoshiaki NEMOTO1</A>
<LI> <A HREF="/document/dc1_4_91_4.htm#Jurgen V. Vogt & Michel M. Verstraete">Jurgen V. Vogt & Michel M. Verstraete</A>
<LI> <A HREF="/document/dc1_4_91_4.htm#Justin D. Paola and Robert A. Schowengerdt">Justin D. Paola and Robert A. Schowengerdt</A>
<LI> <A HREF="/document/dc1_4_91_4.htm#Jyri Heilimo, Juhani Talvela, Martti Hallikainien">Jyri Heilimo, Juhani Talvela, Martti Hallikainien</A>
<LI> <A HREF="/document/dc1_4_91_4.htm#K. Aydin and C. Tang">K. Aydin and C. Tang</A>
<LI> <A HREF="/document/dc1_4_91_4.htm#K. Aydin">K. Aydin</A>
<LI> <A HREF="/document/dc1_4_91_4.htm#K. J. Thome, S. F. Biggar, D. I. Gellman, and P. N. Slater">K. J. Thome, S. F. Biggar, D. I. Gellman, and P. N. Slater</A>
<LI> <A HREF="/document/dc1_4_91_4.htm#K. J. Thome">K. J. Thome</A>
<LI> <A HREF="/document/dc1_4_91_4.htm#K. M. St.Germain">K. M. St.Germain</A>
<LI> <A HREF="/document/dc1_4_91_4.htm#K. Okada(1,4), T. Narita(1), T. Ezaka(1), F. Mills(1,5),">K. Okada(1,4), T. Narita(1), T. Ezaka(1), F. Mills(1,5),</A>
<LI> <A HREF="/document/dc1_4_91_4.htm#K. P. Gaikovich">K. P. Gaikovich</A>
<LI> <A HREF="/document/dc1_5_95_5.htm#K. SANTANAM, B. LAXSHMI,">K. SANTANAM, B. LAXSHMI,</A>
<LI> <A HREF="/document/dc1_5_95_5.htm#K.C. Partington, C.J. Willis, A.J. Sephton, N.P. Walker & C.J. Oddy">K.C. Partington, C.J. Willis, A.J. Sephton, N.P. Walker & C.J. Oddy</A>
<LI> <A HREF="/document/dc1_5_95_5.htm#K.P.Gaikovich">K.P.Gaikovich</A>
<LI> <A HREF="/document/dc1_5_95_5.htm#K.S. Chen and C.F. Chen">K.S. Chen and C.F. Chen</A>
<LI> <A HREF="/document/dc1_5_95_5.htm#K.S. Chen and Y.C. Tzeng">K.S. Chen and Y.C. Tzeng</A>
<LI> <A HREF="/document/dc1_5_95_5.htm#K.S. Chen, W.L. Kao and C.F. Chen">K.S. Chen, W.L. Kao and C.F. Chen</A>
</OL>
<P>
<A HREF="/document/dc1_6.htm"><IMG SRC="/pix/go_next.gif">  There are more items listed on the next page </A>
<P>
<HR>
<P><A HREF="/">
<IMG SRC="/html/back_ig.gif">
</A> The IGARSS Home Page
</BODY>
</DOC>